objid,ra,dec,z
1237648704046760198,198.428206426225,-0.384405699717528,0.09444475
1237648704047087753,199.178681772321,-0.369682111058061,0.08260613
1237648704047284236,199.492683646279,-0.314175008800297,0.03387971
1237648704047284237,199.493126330694,-0.310920049141687,0.03368619
1237648704047284238,199.505527410035,-0.301931085724778,0.03234835
1237648704047284273,199.49823654932,-0.295335649872222,0.03347733
1237648704047349862,199.656620662649,-0.226942560117927,0.04782268
1237648704047349875,199.662807092652,-0.343554235046098,0.08141904
1237648704047349891,199.669540284732,-0.374748342264238,0.08189316
1237648704047349927,199.706525059479,-0.412119014268247,0.08230957
1237648704047349988,199.752148939386,-0.372870530601157,0.08287931
1237648704047415410,199.784437051516,-0.338657870211038,0.081264
1237648704047677462,200.397210100331,-0.218255572858051,0.0821794
1237648704048201928,201.618284934415,-0.290361262274966,0.08008775
1237648704049840359,205.389051366992,-0.408912376583239,0.07189922
1237648704064586399,239.084794485907,-0.271211122574792,0.03941562
1237648704064586014,239.023389655352,-0.349995541493945,0.04098138
1237648704063996223,237.69710052924,-0.354782492887928,0.07795132
1237648704063734278,237.181885101849,-0.246866556738306,0.09426551
1237648704063734223,237.154881439567,-0.243845414706943,0.05480139
1237648704063734168,237.125386519884,-0.367077825091116,0.06234364
1237648704063537672,236.722554518542,-0.211411289808372,0.07762073
1237648704063537639,236.711537905831,-0.304615278286189,0.07758146
1237648704063537244,236.656909655248,-0.220672803901369,0.07805659
1237648704063406732,236.413712843761,-0.284779522670026,0.0891047
1237648704063340840,236.173157472464,-0.253610705275833,0.0301458
1237648704063209808,235.933812954015,-0.238297000877568,0.01389303
1237648704063209700,235.858974257967,-0.212300303636386,0.0790578
1237648704063144556,235.797838722221,-0.398760970310098,0.0780453
1237648704063013257,235.528196719965,-0.361419579711523,0.05446574
1237648704062685573,234.695188910109,-0.384786773082363,0.07887429
1237648704061964886,233.073926380285,-0.312344489169969,0.05153966
1237648704061964570,233.037408480901,-0.294013098607903,0.08509752
1237648704061964514,233.015435012119,-0.264592308856634,0.03664904
1237648704061833675,232.822053636629,-0.34624454053828,0.038165
1237648704061833634,232.79697547677,-0.259915129024043,0.04959126
1237648704061702521,232.558978596296,-0.215416488544465,0.08618288
1237648704061702504,232.549229623115,-0.300408089363169,0.08663638
1237648704061702472,232.526677936722,-0.323508673838119,0.07263607
1237648704061702332,232.436412011778,-0.298143084795797,0.08606336
1237648704061637125,232.406831037939,-0.280691025830767,0.08466688
1237648704061637089,232.373449563985,-0.270531272121216,0.08538774
1237648704061637034,232.343630373923,-0.263400493501197,0.07183982
1237648704061637019,232.338836309512,-0.247333729026631,0.08980984
1237648704061636967,232.313165759471,-0.269942992555776,0.08427101
1237648704061636915,232.303069732402,-0.252199436118902,0.08854482
1237648704061636906,232.299502389478,-0.226842136015497,0.07635138
1237648704061636893,232.296021815446,-0.205590761269257,0.08856682
1237648704061636884,232.281705144807,-0.358350904053851,0.0882145
1237648704061636688,232.315225125327,-0.218514600931935,0.08780144
1237648704061571450,232.2508539706,-0.386045084721022,0.08946303
1237648704061571448,232.2494650252,-0.359355581240315,0.07224432
1237648704061571409,232.22468302145,-0.306153140390378,0.08580692
1237648704061571381,232.212734160821,-0.34535743616593,0.0859554
1237648704061505849,232.047916482587,-0.306698836181483,0.06114155
1237648704061505776,232.003447813917,-0.359810974977605,0.06380635
1237648704061505695,232.101703126072,-0.23875662157421,0.04989543
1237648704061505583,232.02638593517,-0.260734896170804,0.04980367
1237648704061505546,231.972168418383,-0.384444871195098,0.06432447
1237648704061374791,231.716705843585,-0.342924694631769,0.09809822
1237648704061178094,231.218045026587,-0.372867270105352,0.06781412
1237648704061177969,231.275530612518,-0.239298559879075,0.07673342
1237648704060981634,230.870730690013,-0.386861086584098,0.02847699
1237648704060981354,230.89159883383,-0.395925931377392,0.02883187
1237648704060654085,230.15260042058,-0.220481635888058,0.07634206
1237648704060654027,230.115387570005,-0.303326022562708,0.09290738
1237648704060653973,230.084810156041,-0.336099938446529,0.07636304
1237648704060653957,230.079294039297,-0.257767388714784,0.07599573
1237648704060653903,230.028094075222,-0.215682731837421,0.07603929
1237648704060653764,230.102305375133,-0.2252260569216,0.02870046
1237648704060522809,229.819254884729,-0.3489524122446,0.05066264
1237648704060457414,229.693631686453,-0.333849945893821,0.03732303
1237648704060260569,229.140775752788,-0.379919703695516,0.05021417
1237648704060260538,229.122171593793,-0.401294491391947,0.050802
1237648704060194961,229.096257633863,-0.301431328386204,0.05090167
1237648704060129571,228.855089036626,-0.324811708956135,0.09964198
1237648704060129536,228.838189889564,-0.266980444668788,0.07851809
1237648704060129355,228.851915325639,-0.34017349101393,0.09954324
1237648704059998605,228.625282896562,-0.238282811152277,0.08124371
1237648704059998391,228.640303760465,-0.391359516810736,0.05363998
1237648704059801983,228.170368801047,-0.208362395555737,0.09180361
1237648704059801913,228.102138281419,-0.28663333163769,0.09071708
1237648704059801900,228.096079882179,-0.349134049974709,0.05804609
1237648704059801865,228.076932589023,-0.256916385130672,0.09167787
1237648704059801705,228.124725201694,-0.357561644027583,0.09082391
1237648704059736563,228.066731603962,-0.229525568910518,0.0909497
1237648704059736299,228.057276769159,-0.205426261318086,0.09149242
1237648704059671039,227.905039104169,-0.223445684099495,0.09117911
1237648704059671008,227.876286439103,-0.294917406805351,0.09314752
1237648704059670993,227.866051157405,-0.308538064419078,0.09095044
1237648704059670895,227.811182049294,-0.229875136445281,0.09230644
1237648704059670794,227.904168750925,-0.272948394468775,0.05024774
1237648704059605350,227.732359240127,-0.323543469938046,0.07239581
1237648704059539868,227.602145711366,-0.374005463401773,0.09223236
1237648704059539706,227.502178853403,-0.389185659999119,0.09292635
1237648704059474311,227.398747634394,-0.394247126866828,0.07107079
1237648704059474283,227.389653180987,-0.338551542841179,0.07091379
1237648704059474268,227.376225771415,-0.288641905521717,0.08696529
1237648704059474239,227.36736736497,-0.267476378714393,0.08818143
1237648704059474188,227.3274894517,-0.239964221531554,0.09015324
1237648704059474127,227.466898602226,-0.384697953532504,0.07115772
1237648704059343210,227.081664752298,-0.346687195538729,0.0887335
1237648704059343192,227.07522831125,-0.216045243037521,0.08819695
1237648704059343157,227.062267022535,-0.262253375335058,0.08740187
1237648704059343146,227.063694142279,-0.220950153165802,0.09346975
1237648704059343124,227.033923186914,-0.327322118623833,0.09189976
1237648704059343048,227.161010815948,-0.253712374753737,0.08666698
1237648704059342960,227.117838106531,-0.264572815912967,0.08789767
1237648704059342959,227.103376032237,-0.276582988366066,0.09076992
1237648704059342957,227.103730525336,-0.27020772664135,0.09149182
1237648704059342956,227.104249144503,-0.268631159428687,0.08843397
1237648704059342955,227.107327849188,-0.266261185123725,0.09032114
1237648704059342935,227.086598608013,-0.373081104346363,0.0890623
1237648704059342903,227.054162742552,-0.363971224057756,0.09294043
1237648704059212136,226.833788761362,-0.366514515482016,0.08975301
1237648704059212111,226.808388540112,-0.391807873661894,0.08803295
1237648704059146567,226.67950289109,-0.40940691051611,0.09229607
1237648704059146432,226.724974549158,-0.356695015266766,0.04899504
1237648704058949875,226.184086643809,-0.35196678889199,0.05476268
1237648704058818898,225.906668565977,-0.392268726382004,0.03652861
1237648704058556732,225.250768517195,-0.208326404127064,0.04078309
1237648704058556709,225.240742577213,-0.411834735443841,0.04064145
1237648704058229109,224.585655307223,-0.403099187551266,0.0874828
1237648704058228993,224.512235911541,-0.291790606670504,0.04137182
1237648704058228961,224.483396519805,-0.228644059561624,0.09804763
1237648704057966973,224.023480374384,-0.261882220005781,0.08385658
1237648704057966909,223.967466637105,-0.372510729296407,0.08406009
1237648704057966882,223.946116849827,-0.349940316590422,0.08595023
1237648704057966842,223.940721610045,-0.334928013103944,0.0836084
1237648704057966829,223.937943413746,-0.273539097444695,0.08253153
1237648704057966805,223.937173648275,-0.306148355609758,0.08310611
1237648704057901357,223.835617840839,-0.275183115263119,0.08427472
1237648704057901331,223.805184012961,-0.335480169376331,0.08337878
1237648704057770314,223.523527891531,-0.344540556762901,0.06866409
1237648704057770240,223.476979310313,-0.316273762498288,0.06575099
1237648704057573747,223.080903984169,-0.269212638410952,0.04351376
1237648704057573731,223.083197928285,-0.225811638817582,0.04446291
1237648704057573730,223.077865745807,-0.225002808488962,0.09959527
1237648704057573713,223.065667392819,-0.242387925607557,0.09966943
1237648704057573661,223.045971411794,-0.256103908938803,0.04321273
1237648704057573646,223.036345984608,-0.385329328185023,0.046089
1237648704057573499,223.066930006183,-0.29362645851046,0.04338187
1237648704057508274,222.91869483915,-0.307356597278352,0.08344401
1237648704057508062,222.842632857751,-0.375591225176147,0.0434349
1237648704057245929,222.265121506944,-0.230417477111709,0.08587916
1237648704057114915,222.001001787032,-0.300764470536149,0.08277205
1237648704056918372,221.624893012367,-0.329679647976157,0.08260977
1237648704056918085,221.547555075505,-0.238384865316714,0.07997677
1237648704056656197,221.034059290434,-0.282261443705447,0.05781979
1237648704056656151,220.986236193961,-0.408392445559534,0.07323683
1237648704056393959,220.378996407198,-0.286576601047243,0.07975321
1237648704056197368,219.852157514032,-0.310541228169977,0.084003
1237648704056066085,219.568770875445,-0.349744611478402,0.03689807
1237648704055738508,218.928935601564,-0.292870198406697,0.05694406
1237648704055214391,217.743674118824,-0.303060165482926,0.09333277
1237648704055148869,217.587330578697,-0.332550261248768,0.03033645
1237648704055148666,217.449880317145,-0.207549351774128,0.03028658
1237648703509102769,196.554898171107,-0.66414693910295,0.08398743
1237648703509102812,196.612641295605,-0.806040928321794,0.08417733
1237648703509102821,196.623458914,-0.797385298995016,0.08421105
1237648703509233785,196.885281212485,-0.625856315125943,0.08834489
1237648703509299317,196.940397685759,-0.789318905849546,0.09148846
1237648703509299400,197.050715267056,-0.80597162855335,0.08311027
1237648703509299408,197.05613828826,-0.632529777162521,0.09564068
1237648703509364815,197.20880175448,-0.817319435222465,0.01794305
1237648703509364817,197.230618281386,-0.801618891011878,0.01906901
1237648703516442877,213.302863425726,-0.752193667879069,0.07009463
1237648703530140095,244.570315887256,-0.757484308173265,0.09345017
1237648703530139755,244.581322752317,-0.675947575539631,0.09422101
1237648703530009204,244.345195475165,-0.753060818351449,0.09324197
1237648703530008861,244.374374064065,-0.698884667087532,0.09370996
1237648703529615507,243.42826701995,-0.654046168399521,0.05677012
1237648703529026109,242.143544285183,-0.742842423935166,0.07215931
1237648703528698474,241.389853983316,-0.82870118747003,0.05111897
1237648703527780909,239.294329933263,-0.691881081048605,0.08314706
1237648703527518565,238.621769254139,-0.692278925509161,0.07817154
1237648703527518526,238.602678561545,-0.760079027240942,0.09381498
1237648703527518384,238.688221376295,-0.671977011068538,0.07733773
1237648703526666777,236.616229171494,-0.8328101057506,0.07939668
1237648703526666671,236.717721557193,-0.719649762717352,0.07958387
1237648703525749066,234.541230478086,-0.638552392727162,0.07847924
1237648703525617916,234.269909267105,-0.81756876709049,0.08189596
1237648703525617732,234.254858837023,-0.820485187583163,0.08366072
1237648703525421344,233.820246332188,-0.790027678858922,0.07159798
1237648703525421273,233.790457059878,-0.663892029038577,0.06621508
1237648703525290245,233.522878528902,-0.701479627133966,0.0832337
1237648703525290074,233.537699676193,-0.747206885106517,0.03942682
1237648703525224826,233.438935052086,-0.629827898982871,0.08446532
1237648703525224767,233.403928462327,-0.680877217959184,0.08415204
1237648703525224703,233.37013860027,-0.641104228329025,0.08504513
1237648703525159202,233.172910036261,-0.69818115346951,0.07724638
1237648703524897062,232.647715029719,-0.798953668260752,0.07791677
1237648703524897061,232.638745206217,-0.809318673344019,0.07672031
1237648703524897011,232.611748759196,-0.813135854609121,0.07611313
1237648703524896986,232.594738044071,-0.758562635898638,0.0791466
1237648703524896982,232.589375190239,-0.743568547790493,0.0746749
1237648703524896959,232.574445009229,-0.789038341125047,0.07951454
1237648703524831573,232.50744821462,-0.778247440659981,0.08249047
1237648703524831487,232.44322993373,-0.770793343840216,0.08685277
1237648703524635062,232.102229565811,-0.699501581847614,0.07698998
1237648703524634921,232.04272834471,-0.811829659227524,0.08822116
1237648703524569197,231.951148674794,-0.742037175505135,0.08232526
1237648703524307076,231.348654190946,-0.709977947470593,0.0381603
1237648703524241726,231.175196881319,-0.817204955759967,0.05208707
1237648703524176335,231.053817601326,-0.699657462919387,0.05208456
1237648703524175948,230.946283447277,-0.639730182418364,0.03737487
1237648703524045083,230.695448327098,-0.659239026930774,0.09106369
1237648703523979613,230.603082557251,-0.734604902020287,0.06678971
1237648703523651885,229.793539425809,-0.729703161169173,0.09267793
1237648703523651863,229.772965629751,-0.709954098747131,0.0763518
1237648703523651835,229.752774477142,-0.750905907204185,0.09817945
1237648703523586480,229.715604706006,-0.660189349770177,0.06983307
1237648703523455346,229.350491495686,-0.726497109005211,0.03727186
1237648703523455231,229.293005958528,-0.756918392205222,0.09189516
1237648703523127517,228.537142827559,-0.689032970339659,0.03726918
1237648703523127499,228.530912333151,-0.62438686528938,0.07796206
1237648703523127487,228.524985581304,-0.67332162866032,0.0371196
1237648703523062140,228.484958768211,-0.765337449075969,0.07087228
1237648703523062046,228.424359827413,-0.779413909549205,0.04026579
1237648703522734536,227.74411952924,-0.665215258851487,0.09156384
1237648703522734471,227.717699216685,-0.820780258250751,0.05480798
1237648703522668907,227.609922550258,-0.682836324924991,0.09021582
1237648703522668801,227.54747653736,-0.807630420185086,0.08998659
1237648703522668790,227.535346363759,-0.631122828566815,0.08107182
1237648703522668753,227.5039224133,-0.715794905635842,0.07098074
1237648703522603269,227.375806246505,-0.771167685301337,0.03777028
1237648703522537881,227.31937037136,-0.676691104041203,0.0946741
1237648703522537836,227.278469314841,-0.806930831337128,0.06965949
1237648703522537772,227.241180560915,-0.704654893228226,0.03780224
1237648703522537752,227.229222187348,-0.785444516208202,0.06988788
1237648703522406839,226.995158609892,-0.663718198782247,0.08942275
1237648703522210202,226.523298272969,-0.641758466213273,0.03491157
1237648703522210152,226.504758309091,-0.624383004914413,0.0889437
1237648703522210023,226.445299007714,-0.714911315651456,0.03545786
1237648703522209820,226.451034477956,-0.703456057843093,0.03511947
1237648703522144658,226.35379350653,-0.693907169753519,0.08865445
1237648703522078983,226.186677914594,-0.676700415842115,0.09310534
1237648703521816874,225.600861624871,-0.813310231659008,0.0879861
1237648703521227072,224.278663006876,-0.749361748349455,0.08679748
1237648703521030388,223.806707018589,-0.720109962796997,0.08537325
1237648703521030364,223.792101721085,-0.776193640130957,0.0840548
1237648703521030328,223.769786926456,-0.796378308370656,0.07642194
1237648703520964991,223.713404649102,-0.694116354642116,0.07641787
1237648703520964955,223.696972655707,-0.69279925268853,0.08374847
1237648703520899459,223.545667487406,-0.770118637658776,0.08367053
1237648703520768366,223.242090835959,-0.63064407671718,0.07739631
1237648703520768342,223.237040728761,-0.785461104902949,0.07877933
1237648703520768298,223.213274592268,-0.739941425621122,0.07732239
1237648703520637288,222.972846524386,-0.723448527666214,0.04374821
1237648703520637151,222.83865748898,-0.647158177971125,0.09990314
1237648703520506142,222.573128340661,-0.650142796823636,0.0427188
1237648703520440649,222.49249402877,-0.631352097871733,0.02639611
1237648703520375035,222.318616786009,-0.71125398736501,0.04312468
1237648703520374999,222.296482243946,-0.701890487939872,0.04342113
1237648703520374974,222.254196034587,-0.64771411982671,0.04239626
1237648703519916301,221.294049956831,-0.767106958042528,0.057581
1237648703519654397,220.735977607254,-0.810836886050843,0.0449921
1237648703519654064,220.6784004385,-0.675305065200808,0.07990946
1237648703519522963,220.350713938793,-0.751849672593118,0.08001003
1237648703519522948,220.337674826312,-0.759539569585389,0.07990022
1237648703519195444,219.605004729568,-0.678387635965998,0.07226308
1237648703518998743,219.197467215925,-0.759504417698888,0.03776548
1237648703518802222,218.773440961485,-0.760035997102465,0.08127476
1237648703518540136,218.185171595416,-0.788311010607211,0.05520416
1237648703518408931,217.787825770661,-0.830549338386145,0.08212079
1237648703518277833,217.487664502737,-0.747422010495997,0.08273616
1237648703518212419,217.397511713429,-0.640959964234765,0.08313201
1237648703518212350,217.344724604612,-0.827547254920288,0.04808114
1237648703518146680,217.160343386024,-0.830656587786887,0.07949858
1237648703518081265,217.05670165516,-0.665854599218568,0.07297799
1237648703518081256,217.045833604663,-0.722146294915739,0.07253711
1237648703518081241,217.043877251665,-0.684611464671694,0.05517036
1237648703518081056,217.025473562965,-0.644523343583001,0.07355024
1237648703518015729,216.930025413085,-0.733375022150764,0.09891943
1237648703517950200,216.839779088395,-0.795028806382712,0.03012766
1237648703517950128,216.73247940409,-0.702242811138075,0.0729069
1237648703517950121,216.720460455645,-0.734433431838218,0.07288828
1237648703517819272,216.420082173078,-0.660596448906026,0.05002216
1237648703517753510,216.328003984862,-0.768747120003215,0.07389671
1237648703517753358,216.284477129695,-0.657876296196049,0.07327983
1237648703517622488,216.045819954347,-0.678906835960665,0.05047373
1237648703517622446,216.007843180544,-0.773570993964446,0.052235
1237648703517425946,215.635348990913,-0.704998980966656,0.05440659
1237648703517425825,215.639182100748,-0.631603484362282,0.05438524
1237648703517425813,215.631910789269,-0.655296723091761,0.05506185
1237648703517425755,215.524680958629,-0.669283113568219,0.0549181
1237648703516770428,214.120630093231,-0.743875359928171,0.04874202
1237648703516442869,213.294160598196,-0.718977141804335,0.08276588
1237648703516377252,213.147310926793,-0.661794025988483,0.07015833
1237648703516377183,213.252745634193,-0.830928349333423,0.02607814
1237648703516311876,213.101174524239,-0.732015098251442,0.05441646
1237648703516311814,213.065007185083,-0.633022516131068,0.02559116
1237648703516311707,212.975292166094,-0.800035918212249,0.09775519
1237648703516311675,213.103556328225,-0.83200545066132,0.02600801
1237648703516115256,212.623678144892,-0.702540526113362,0.07905809
1237648703516115092,212.611816111349,-0.832343595806539,0.02539507
1237648703515918478,212.095439514555,-0.746181108458074,0.07928953
1237648703515918471,212.085581737346,-0.675430630553084,0.05252395
1237648703515918459,212.080238872526,-0.648253697230772,0.05251924
1237648703515918442,212.067453539782,-0.727881218362381,0.05215927
1237648703515853025,212.026717545244,-0.82121892079317,0.05197871
1237648703515852998,212.002177765267,-0.821805798197873,0.0547474
1237648703515852909,211.907133201578,-0.806729490414098,0.05312007
1237648703515459761,211.129188547573,-0.756213522202456,0.0540957
1237648703515066594,210.189100177793,-0.623183971941699,0.09357206
1237648703514804436,209.589670756069,-0.625216818132388,0.02760433
1237648703514738930,209.486703770612,-0.666855747316217,0.06956718
1237648703514738879,209.429153327672,-0.76259171019562,0.02961222
1237648703514673382,209.293640075593,-0.832521517428788,0.08909858
1237648703514673375,209.288637869212,-0.644143632469747,0.07006504
1237648703514673354,209.265845534565,-0.814669743355416,0.06943162
1237648703514411038,208.641217050778,-0.776612716220111,0.0270632
1237648703514148993,208.101356753285,-0.802543549733952,0.08923467
1237648703513886964,207.489369141434,-0.803272151311401,0.0927506
1237648675071460094,249.479311878075,0.79597771764627,0.08474916
1237648675603153235,237.649480632532,1.12996854316495,0.08897925
1237648675603284221,237.929171492867,1.13460247119238,0.08769272
1237648675603284401,237.927604249963,1.15488401449068,0.08945534
1237648675603677570,238.889882877775,1.20231450034743,0.06984673
1237648675603808635,239.15138455562,1.06863771134874,0.04958897
1237648702991696351,241.025055683761,-1.14958857850604,0.09485705
1237648702991368507,240.263150217158,-1.15723913431869,0.05815966
1237648702987370765,231.085153283444,-1.0766453166906,0.09806379
1237648702987108768,230.546029090141,-1.09694338793167,0.09454953
1237648702987108553,230.488318833143,-1.10395054297869,0.05465465
1237648702986912122,230.103974346265,-1.04253959527589,0.0536289
1237648702986715431,229.665445935849,-1.11155396173123,0.07631326
1237648702986387701,228.916748763943,-1.04662106766656,0.09241469
1237648702986191206,228.515581208081,-1.21193186567946,0.05091307
1237648702986191150,228.476696429976,-1.20350378886153,0.05048901
1237648702986060074,228.191330889324,-1.19534556535875,0.03688883
1237648702985929339,227.860394042942,-1.09660380984786,0.0546956
1237648702985929077,227.855470267548,-1.12302591622827,0.05414075
1237648702985863457,227.702357405551,-1.06250574708545,0.05415484
1237648702985798060,227.546492062055,-1.24632429034148,0.03653381
1237648702985797942,227.550387209403,-1.19089489524498,0.07015107
1237648702985797941,227.547401241438,-1.19531493604766,0.07084415
1237648702985666666,227.224468166883,-1.24867940958006,0.05535876
1237648702985666603,227.199470179768,-1.17308224649084,0.05495768
1237648702985601533,227.136459366934,-1.22927784933103,0.07885005
1237648702985601515,227.116316889389,-1.20789630945048,0.05488245
1237648702985601390,227.122590125695,-1.22071948188352,0.07933845
1237648702985535851,226.881745647607,-1.09084783571062,0.07229317
1237648702985470454,226.845704906612,-1.20792803499613,0.07156409
1237648702985470445,226.828858225474,-1.20013578570306,0.06753261
1237648702985470344,226.86440950002,-1.05579644832842,0.07001241
1237648702985470289,226.818508517766,-1.15494639834814,0.07252807
1237648702985470241,226.749941650108,-1.22552484329586,0.06658871
1237648702985470218,226.74221295131,-1.09669070241984,0.07168996
1237648702985404836,226.662886401031,-1.09166419687713,0.04981867
1237648702985404785,226.725833398419,-1.12649242358068,0.07012011
1237648702985404782,226.722865774888,-1.17918966243123,0.06833026
1237648702985404672,226.608765155855,-1.19279249729593,0.07065763
1237648702985404606,226.705619685917,-1.25106658650158,0.07170167
1237648702985404512,226.689636451965,-1.2281285047782,0.0744149
1237648702985404509,226.688023672652,-1.23171468099569,0.07114076
1237648702985404496,226.663842366715,-1.10637961850671,0.04922194
1237648702985273589,226.33734886246,-1.22443342100547,0.08895048
1237648702985208250,226.213104097713,-1.10547966254723,0.03610019
1237648702985207970,226.270372772595,-1.10971829696742,0.03695014
1237648702985142564,226.095623725095,-1.20859925494614,0.04893661
1237648702985142532,226.062747157754,-1.05184385076947,0.03721606
1237648702985142490,226.033198337892,-1.20211106668369,0.0489473
1237648702984945995,225.671197511183,-1.105925958768,0.04896335
1237648702984552729,224.683057728556,-1.0967401688503,0.08681998
1237648702984552454,224.653704881359,-1.07183014383099,0.08783514
1237648702984421603,224.335190485976,-1.18435560563199,0.08729399
1237648702984421398,224.347196170201,-1.12284587582785,0.06947587
1237648702984356211,224.181616833408,-1.2162585455364,0.09969573
1237648702984290679,224.128165211637,-1.21727854261215,0.04185052
1237648702984225022,223.909004561694,-1.23346676355993,0.0995357
1237648702984159506,223.783865842457,-1.04805861680877,0.0837642
1237648702984159437,223.732909699065,-1.06730037819583,0.08361325
1237648702983962651,223.300064869577,-1.05591071004915,0.07749957
1237648702983897351,223.273548623391,-1.24759310437465,0.06741799
1237648702983831869,222.990559345452,-1.11542096804152,0.07699386
1237648702983831846,223.121361332057,-1.24539191009375,0.09980746
1237648702983635171,222.603962640822,-1.19464145908703,0.04319625
1237648702983635012,222.604283920667,-1.17403309697707,0.04280575
1237648702983569764,222.526572681127,-1.16131592200794,0.04290721
1237648702983569605,222.423752243591,-1.05776241365687,0.04339959
1237648702983438553,222.102088991642,-1.13425314304438,0.08227292
1237648702983372879,222.022421282705,-1.18269137235429,0.02741167
1237648702983241940,221.71563488539,-1.14685036027467,0.04171393
1237648702983176375,221.585960820056,-1.08889623569032,0.02900477
1237648702983176219,221.514955296833,-1.20032134669038,0.04956391
1237648702983110899,221.384054885176,-1.15580007793082,0.04135537
1237648702983110890,221.371678687131,-1.18574601737918,0.0416929
1237648702982979787,221.074751148472,-1.08306633054437,0.04159208
1237648702982586645,220.225746140327,-1.22721225288075,0.07210886
1237648702982193731,219.374658674413,-1.14222192227062,0.01405114
1237648702982193314,219.243563775833,-1.05849705559893,0.07212371
1237648702982127916,219.240407870109,-1.06677960472199,0.07221369
1237648702982062639,219.06928377172,-1.13121090236031,0.03977071
1237648702981931189,218.724254604722,-1.13717654814687,0.04781191
1237648702981865913,218.583242620676,-1.22558452683473,0.08891015
1237648702981865812,218.551917295833,-1.16322968006054,0.08891438
1237648702979768529,213.80253361949,-1.13063744425845,0.07747152
1237648702979768528,213.801521721132,-1.12855113380965,0.0768416
1237648702979571721,213.25520758792,-1.12410179193674,0.07686184
1237648702979375244,212.91961159459,-1.05213958540601,0.0241675
1237648702979309727,212.700416748606,-1.14441340311041,0.05430887
1237648702979244208,212.591826263181,-1.11500857871198,0.054143
1237648702979244132,212.507620074879,-1.10772744415864,0.05420853
1237648702979178626,212.502733463873,-1.06284544275057,0.04939391
1237648702979178603,212.488001810302,-1.23981431790099,0.02455296
1237648702979178595,212.484821898374,-1.24003465846464,0.02467782
1237648702979113128,212.336047413473,-1.19193942597376,0.08317864
1237648702979047657,212.096243351985,-1.04789828750309,0.08736297
1237648702979047652,212.090741160961,-1.0753126437643,0.0876767
1237648702978982395,211.944816459841,-1.0499677097025,0.02599834
1237648702978916872,211.81046889531,-1.19534499128044,0.05444937
1237648702978916476,211.84189889521,-1.09638240740666,0.05508721
1237648702978850987,211.64488705416,-1.21980932232199,0.05899673
1237648702978850843,211.643357097057,-1.18706141000062,0.02583196
1237648702978785522,211.490660149648,-1.23042218954548,0.05411995
1237648702978785464,211.54911859765,-1.22789459036693,0.05330736
1237648702978785416,211.472284513868,-1.24564193151785,0.05485366
1237648702978785290,211.473093051701,-1.20445670666722,0.0543637
1237648702978588825,211.053399565552,-1.17216801825443,0.07827859
1237648702978523283,210.927054482407,-1.13733851756234,0.02694167
1237648702978458072,210.842370716841,-1.20765453162735,0.02536955
1237648702978457862,210.814793130488,-1.11903035823968,0.09366827
1237648702978457799,210.761832187278,-1.09459554230855,0.03249278
1237648702978392313,210.678916168891,-1.1982583405706,0.02938023
1237648702978392307,210.671883177517,-1.1442641205953,0.05369177
1237648702978326816,210.517249711228,-1.20783684975941,0.02454983
1237648702978326802,210.488127927605,-1.18578285926995,0.02544127
1237648702978326696,210.471537662524,-1.14925589445275,0.06849346
1237648702978326690,210.471087991723,-1.10512220460708,0.02934603
1237648702978326658,210.424392477966,-1.10365054625054,0.07834522
1237648702978064579,209.876562796266,-1.05617175225496,0.02436149
1237648702977867930,209.443967636099,-1.21722901915112,0.03020713
1237648702977802570,209.242409120074,-1.10170844448467,0.0305662
1237648702977605802,208.838318350893,-1.04929433921891,0.09137631
1237648702977409215,208.383220933069,-1.19443320164489,0.02373103
1237648702977409073,208.377959137958,-1.05053958944651,0.02337503
1237648702977343735,208.289959091179,-1.22088700198468,0.07307899
1237648702977343657,208.172266318075,-1.22404671759522,0.08841293
1237648702975836386,204.850291715959,-1.10615368831871,0.07079628
1237648702975836375,204.839135077854,-1.11821069670394,0.07064489
1237648702975836362,204.830654599961,-1.06369804938937,0.07079236
1237648702975836320,204.80521880539,-1.12091859807661,0.01482851
1237648702975770928,204.661717163353,-1.07339384364371,0.08874878
1237648702975770887,204.619061017293,-1.11285336361348,0.07067633
1237648702975770697,204.687961710188,-1.23935924328884,0.08832494
1237648702975639736,204.388107219911,-1.23971643263818,0.08004843
1237648702975639705,204.347610240838,-1.08667381562673,0.07090822
1237648702975639668,204.295223986512,-1.23857374494649,0.08824509
1237648702975639666,204.294469316257,-1.09365088377385,0.07084826
1237648702975639636,204.412796009268,-1.10184110566447,0.07112104
1237648702975574303,204.240027668712,-1.25008517303364,0.08496257
1237648702975574253,204.160084851742,-1.16712185559958,0.04667491
1237648702975574175,204.223419011793,-1.09554791607488,0.04685168
1237648702975574071,204.201839146719,-1.25026366890261,0.08399642
1237648702975443109,203.970042626797,-1.25231388265933,0.08565774
1237648702975312025,203.544934329074,-1.10186959540159,0.0864007
1237648702975312021,203.544201049107,-1.21793193888505,0.09952803
1237648702975311902,203.563322997633,-1.08050576278957,0.08666056
1237648702974984206,202.777650804,-1.20344074099803,0.09244776
1237648702974918838,202.735786481848,-1.15253597354084,0.08666853
1237648702974918777,202.681166879224,-1.08046242009999,0.03726389
1237648702974853271,202.581280675774,-1.14221536084106,0.087047
1237648702974722250,202.309127960922,-1.2529065718592,0.08462927
1237648702974722222,202.256505330032,-1.23656763734421,0.08452604
1237648702974394453,201.554657775552,-1.15425280088273,0.05401157
1237648702974329017,201.33542009471,-1.14019277767648,0.08504505
1237648702974328937,201.379217654747,-1.20822116571813,0.08296633
1237648702974263441,201.166340582648,-1.08792089364192,0.08242574
1237648702974263439,201.166511987534,-1.06189529715734,0.09339594
1237648702974197883,201.033065075142,-1.16631458902716,0.0830057
1237648704585728192,203.136510521827,0.0608487230960422,0.02165666
1237648704585728249,203.198381402268,0.131749776100782,0.09771052
1237648704585793759,203.339512298865,0.0470981592225488,0.08556654
1237648704585924753,203.662009496883,0.154067720647833,0.07774528
1237648704585924795,203.531195701594,0.0288596786948162,0.07281715
1237648704585924866,203.624795689854,0.186598211335111,0.07770815
1237648704585990322,203.720049471971,0.0271904513458221,0.08550737
1237648704585990404,203.795206961716,0.207230208975514,0.08571386
1237648704586973290,205.962768095654,0.0763286454201606,0.07327056
1237648704587104262,206.220459804775,0.0889611187516008,0.08696799
1237648704597066349,229.070235504895,0.134581227957157,0.09264626
1237648704598442308,232.183117962818,0.127950216944285,0.09432624
1237648704603030075,242.687735919647,0.089816311106679,0.07294514
1237648704602767763,242.019162347849,0.119773707771357,0.05912129
1237648704602767747,242.010788919712,0.156482179563499,0.05838332
1237648704602767677,242.140376041101,0.176647067751859,0.05755247
1237648704602702523,241.925225531403,0.206831266092191,0.04903107
1237648704602702438,241.872742797945,0.152509892108363,0.05868909
1237648704602309218,241.06912039349,0.0437384366422121,0.05932232
1237648704602309196,241.06472800863,0.0970107447680847,0.05832123
1237648704602309157,241.057088180593,0.053542770158104,0.05909625
1237648704602309136,241.047745678489,0.121739962665318,0.06025022
1237648704602308950,240.980920090579,0.0597116472392937,0.02736092
1237648704602308812,241.069054025382,0.208344614448325,0.05353947
1237648704602308731,241.016845519071,0.119333799270974,0.06042299
1237648704602308730,241.005727695708,0.131490229768608,0.0591639
1237648704602046963,240.445946095941,0.0980439478103523,0.03529574
1237648704602046868,240.396813768786,0.0587400439756899,0.0934734
1237648704601915871,240.121541562861,0.155091568029269,0.03254654
1237648704601915825,240.103930213105,0.00881686565444584,0.08299018
1237648704601653832,239.579060202128,0.113581741380484,0.07325974
1237648704601653519,239.582581521869,0.174774453811798,0.05804547
1237648704601457345,239.082930149646,0.0247522352793852,0.08019761
1237648704601457169,239.14194212914,0.0522535337814881,0.0395749
1237648704601457120,239.114750959306,0.0592643930554707,0.03968028
1237648704601456979,239.034250168295,0.204463483287788,0.04212166
1237648704601194939,238.463903952953,0.0590828895849305,0.0894393
1237648704600998461,237.974674563142,0.027376967165472,0.088929
1237648704600998285,238.020266457632,0.139960319131932,0.05500096
1237648704600998249,237.995008978145,0.186772569079244,0.09472094
1237648704600867002,237.77815874575,0.0869778630166651,0.09129854
1237648704600473877,236.810415158991,0.0381511578531533,0.04609774
1237648704600408479,236.719538575402,0.153568708354252,0.07213447
1237648704600408465,236.711044053574,0.182448660498247,0.0958886
1237648704600015406,235.771621388439,0.0495740136324304,0.02918951
1237648704600015089,235.711609860195,0.03259682846285,0.08276655
1237648704599949444,235.677501490168,0.0900061205210549,0.07911005
1237648704599491191,234.631680162426,0.183156924017935,0.08337232
1237648704599490717,234.596196342189,0.0634850564740582,0.09201457
1237648704599425417,234.441082679243,0.169471020043716,0.0657955
1237648704599425394,234.434395985731,0.03405070910282,0.06589311
1237648704599229099,233.938836116528,0.0290972303823018,0.06674289
1237648704599228577,234.034936165816,0.0920580265883506,0.09511729
1237648704599163220,233.805405565658,0.1663295968088,0.08100229
1237648704599097647,233.627596677151,0.0944569873752802,0.07942925
1237648704598901352,233.31022796351,0.157940339579842,0.06949502
1237648704598901088,233.272368724606,0.00638383773809886,0.03816461
1237648704598900948,233.312150392736,0.119304447067344,0.08257315
1237648704598704623,232.857301259712,0.0804242462638728,0.08185304
1237648704598704577,232.822864037436,0.159038306632658,0.08667581
1237648704598704568,232.821901858669,0.126527518282189,0.02930095
1237648704598639011,232.713445275629,0.0526947380585841,0.05947204
1237648704598638966,232.686181215418,0.146464964499512,0.08700828
1237648704598638945,232.670368180893,0.163036710663621,0.08736914
1237648704598638934,232.668329904039,0.0589606567954136,0.08651696
1237648704598638717,232.682828923373,0.0394937019415487,0.07129689
1237648704598638684,232.656746932257,0.0914447754056632,0.07124856
1237648704598507943,232.370553426992,0.116411778985723,0.08538809
1237648704598507594,232.314732893659,0.206765787327835,0.09357114
1237648704598442413,232.252467423513,0.162918721311145,0.09344149
1237648704598442358,232.223618838741,0.158039899186076,0.09355219
1237648704598442357,232.220690943135,0.159107169827332,0.09406564
1237648704598442326,232.199028295699,0.154595074435897,0.07914393
1237648704598442212,232.148662952977,0.11895524146109,0.09366371
1237648704598442069,232.21617059982,0.0690355663257616,0.08967015
1237648704598376751,232.05814007159,0.183690134116671,0.07980985
1237648704598376723,232.040882723074,0.0734044424076033,0.08807144
1237648704598376721,232.039908422195,0.180169596618824,0.07991483
1237648704598376626,231.970240153714,0.116519088086171,0.08730695
1237648704598376595,232.102141801338,0.207809195560977,0.08692925
1237648704598311293,231.914101483642,0.0949354496647542,0.08111317
1237648704598311192,231.871403265902,0.169392049431643,0.08851828
1237648704598114384,231.415431860949,0.00610853920024517,0.05143932
1237648704598049102,231.331710467243,0.0938456637908346,0.08447308
1237648704597852589,230.903923149988,0.135669487048103,0.05343645
1237648704597852394,230.804834404514,0.0602670747626326,0.07087686
1237648704597852392,230.810191946968,0.0661938047448934,0.07093323
1237648704597852355,230.786001723058,0.0172498326947448,0.08456675
1237648704597852305,230.882320228259,0.0167509833597009,0.0285162
1237648704597787009,230.718237336531,0.0271235589642512,0.0711014
1237648704597786806,230.745251313895,0.098955165976483,0.05835623
1237648704597655755,230.351545149608,0.117125217605699,0.07608883
1237648704597655754,230.351280010712,0.114155339976568,0.07617257
1237648704597655633,230.424672706527,0.175761230112506,0.07338677
1237648704597524889,230.16234216431,0.0172328389665592,0.07659891
1237648704597196979,229.36384392141,0.11940776445712,0.03423896
1237648704597131707,229.222286630447,0.0522489479075454,0.09149539
1237648704597131697,229.221866921338,0.0115475059711749,0.09114926
1237648704597131574,229.149495798862,0.166616210049094,0.07132106
1237648704597000547,228.909579381977,0.175627415324448,0.07159279
1237648704597000523,228.895038841731,0.0413343550208036,0.09869839
1237648705115914384,187.937531118948,0.511878436384592,0.02255391
1237648704596934967,228.692890031656,0.0562139016225919,0.07162303
1237648704596869401,228.594809861706,0.174341504933964,0.05223256
1237648704596541882,227.886011897042,0.072757075347241,0.09163896
1237648704596541814,227.852281064786,0.179089536849999,0.05007546
1237648704596541783,227.82674034709,0.119423473975717,0.05041043
1237648704596541749,227.814514376648,0.00961136080218874,0.09217229
1237648704596541737,227.805128012029,0.0553848560372669,0.03837287
1237648704596541515,227.854628659194,0.151112110227561,0.05023868
1237648704596410817,227.604310426175,0.0801079583362815,0.09080637
1237648704596410730,227.564573719066,0.0402979110477676,0.06302696
1237648704596410623,227.501639418749,0.0549203864453599,0.05061704
1237648704596410607,227.49373209222,0.200922895762397,0.09110595
1237648704596410561,227.48158884231,0.109222327452351,0.09647438
1237648704596410512,227.611507034602,0.138866764816312,0.09287232
1237648704596345070,227.344042900684,0.168923062006079,0.09451434
1237648704596213986,227.119505944882,0.0842926496166659,0.0956944
1237648704596213796,227.055200296284,0.165475137814108,0.05216374
1237648704596082972,226.740071082079,0.0676503164287209,0.03315733
1237648704596082924,226.726971897437,0.183161950659252,0.03419047
1237648704596082922,226.728572554488,0.18633727974271,0.03507327
1237648704595558664,225.587445224305,0.184827181930467,0.08656486
1237648704595558617,225.556808962542,0.112166252611381,0.04160169
1237648704595558511,225.624764203328,0.127373606382004,0.08606598
1237648704595361889,225.201520824982,0.176441008162089,0.04110818
1237648704595296544,225.054015056526,0.199415442044918,0.0682348
1237648704595230890,224.830847528683,0.126947497116871,0.06802198
1237648704595165643,224.640564268025,0.135821019095656,0.08342511
1237648704595165430,224.688434314933,0.0240708465254822,0.06757253
1237648704595165387,224.667953411977,0.0211119165362526,0.09833206
1237648704595165352,224.644979407417,0.0993755912601244,0.09864474
1237648704595099895,224.580608624675,0.0116729872174785,0.06752919
1237648704595099773,224.539008107682,0.0938444173118882,0.08341143
1237648704594903517,224.172179268183,0.204338689932609,0.07803148
1237648704594903402,224.16413726056,0.0499062882232348,0.08256716
1237648704594838020,223.9202059495,0.106693744618438,0.07778575
1237648704594837836,224.0099947977,0.134501738556232,0.08486958
1237648704594706888,223.658067057746,0.19363877233847,0.06673836
1237648704594706731,223.715541635602,0.0886924216458185,0.0348701
1237648704594641317,223.545707562291,0.169260020302524,0.08331238
1237648704594641215,223.454440422231,0.0896600527471857,0.04392734
1237648704594575743,223.429688399885,0.0393047773358552,0.04395945
1237648704594575487,223.408489628665,0.0209925711380295,0.04477814
1237648704594575485,223.396096989253,0.0103967237004032,0.04239281
1237648704594575484,223.428622918715,0.0300875272668237,0.04518166
1237648704594575483,223.403838185549,0.00570545315927913,0.04384198
1237648704594510314,223.261074284961,0.203137147908442,0.0431613
1237648704594510235,223.199818329616,0.0330921592524836,0.04434668
1237648704594379417,222.868949635927,0.0814979808945035,0.04249018
1237648704594379191,222.932667792009,0.0628410316741506,0.09953947
1237648704594379180,222.920862484988,0.0403806881287542,0.09925046
1237648704594379169,222.916870119468,0.0463952375853792,0.09970358
1237648704594379145,222.897997075686,0.0978890182503874,0.06399041
1237648704594378881,222.948014031214,0.0272664973129878,0.06380439
1237648704594378761,222.8475735599,0.00707960583336023,0.02316491
1237648704594313560,222.753732612585,0.0760893530662225,0.04339977
1237648705126924435,212.959641168051,0.513288157669008,0.05459604
1237648705126924460,212.977553655234,0.497815559492924,0.05439847
1237648705126924465,212.981967633801,0.4665663946088,0.05476647
1237648705126924499,213.024373289921,0.485351355563937,0.05477605
1237648705126924553,213.065315475243,0.523193477311807,0.05319332
1237648705126924555,213.066356108399,0.522501842494216,0.05301408
1237648705127448778,214.256990746428,0.477071554320319,0.05245277
1237648705130725652,221.772778894125,0.614784430577234,0.09536646
1237648705137082856,236.289706240816,0.606407581764439,0.07174163
1237648705656062095,195.391952661956,0.89949383758509,0.07876384
1237648705655996627,195.283624454059,1.03384038392382,0.08158807
1237648705655996625,195.273931148099,0.972908583426997,0.08305486
1237648705655996599,195.251920815771,0.882490174052172,0.08145064
1237648705655996579,195.232514262973,1.04199207115221,0.08154812
1237648705655996560,195.202638183975,1.01840640800057,0.08197936
1237648705655996557,195.197634338074,1.01813083180063,0.08155257
1237648705655996538,195.18476677764,1.04533606353305,0.08087794
1237648705655996516,195.168482805975,1.04689848328237,0.07840806
1237648705655996508,195.159992809557,1.01235448343367,0.06702032
1237648705655931092,195.129005293947,0.953916294840229,0.05930444
1237648705655931085,195.126589940218,1.04653622333085,0.06755786
1237648705655931000,195.015540377566,1.03368142761635,0.04738951
1237648705655865561,194.926795921172,1.02813711814373,0.08108459
1237648705655865521,194.900007532734,0.877387269469451,0.0477382
1237648705655799932,194.729016940106,0.928862483485566,0.09738682
1237648705655537793,194.172611596324,0.899762363095039,0.09869227
1237648705655537760,194.11632849879,1.03092324194744,0.07957479
1237648705655472265,193.967153324642,0.959142426664123,0.07981969
1237648705655341270,193.783204989712,0.915622018117712,0.09677872
1237648705655275639,193.548819241809,1.03482604798563,0.09907422
1237648705655210106,193.429455281421,1.02112161258681,0.09938732
1237648705655079024,193.139092757077,0.921870738430865,0.04673638
1237648705653833914,190.28554307685,0.863274176681118,0.08953864
1237648705653833888,190.239102396804,0.987226260784765,0.02312812
1237648705653833883,190.239406259821,0.971610212538258,0.04617695
1237648705653833867,190.223473298737,1.00835660383573,0.02290753
1237648705653768334,190.10364257108,1.03517369264269,0.08139496
1237648705653768317,190.09158972803,1.04560510124034,0.08176454
1237648705653702788,189.94064722518,0.898248168666645,0.01595755
1237648705653637253,189.767609502465,0.971182809485863,0.07334042
1237648705653506177,189.498824212129,0.952845221104394,0.04244433
1237648705653506101,189.57441263921,1.03427221499254,0.08056813
1237648705653440610,189.395795124087,1.00907918799695,0.07367369
1237648705653375178,189.256543314672,0.917148798143556,0.07649778
1237648705653375133,189.214074583234,0.915268806534649,0.04485524
1237648705653375075,189.289979334436,0.901500795263721,0.08040059
1237648705652916411,188.186379332288,0.900018405498516,0.0940813
1237648705652850809,188.026052100389,0.988858018632828,0.07887875
1237648705652850804,188.022102517813,1.00544340007426,0.07876921
1237648705652785286,187.921812178839,0.959248946723593,0.02322375
1237648705652785255,187.845634587443,0.947394170582718,0.04804092
1237648705652654263,187.653033449244,0.846251530456035,0.02298159
1237648705652654205,187.533508426909,1.03378528856335,0.07785663
1237648705652392052,187.008835315039,0.972222473533454,0.09578133
1237648705652326553,186.835913609558,0.955798535846699,0.09609642
1237648705652195441,186.56400864866,0.883869062489024,0.07755381
1237648705651998877,186.157862620697,0.875500010583114,0.0734097
1237648705651998783,186.02553300928,0.863235348066655,0.07774862
1237648705651933360,185.991411707657,0.877713349670957,0.06206015
1237648705651933311,185.92564982822,0.962034921250948,0.02398865
1237648705651933308,185.927658402985,0.962191578073283,0.02407566
1237648705651867762,185.793113972925,0.93489517023151,0.02574256
1237648705651867716,185.719779600895,1.03474994828178,0.07392567
1237648705651867715,185.715616837349,1.03318038366465,0.07430882
1237648705651802210,185.629292723521,1.01520484099589,0.07762116
1237648705651802189,185.617139493496,0.880997016929125,0.09810439
1237648705651736681,185.532553464697,1.03915861053145,0.07405485
1237648705651671241,185.290061482535,1.03242988380015,0.09928857
1237648705651671148,185.310272613735,0.851016153954599,0.09898051
1237648705651671121,185.290640695303,0.88997599507622,0.09911348
1237648705651605631,185.22808733639,0.905815809773645,0.09927643
1237648705651540110,185.093361160719,0.969962970697371,0.08504529
1237648705651540099,185.074385298635,0.949633107713175,0.08911418
1237648705651540087,185.068891282583,0.994727494180331,0.07891915
1237648705651540059,185.025745514716,0.961205680021696,0.09007793
1237648705651540047,185.011984071102,0.882427565540166,0.07708883
1237648705651409322,184.753503955877,0.902584770775247,0.0925958
1237648705651409023,184.67286172358,0.916741596150647,0.06318177
1237648705651343512,184.650403065959,0.893757313900243,0.07386909
1237648705651081340,184.014304497857,0.991458599230362,0.04802909
1237648705651015839,183.866844360194,1.01724891679219,0.04795333
1237648705650688217,183.128479433412,0.894221058989688,0.02115763
1237648705650688183,183.135215952992,0.934529125496579,0.08242879
1237648705142850242,249.367431703424,0.598925120985333,0.087736
1237648705141015380,245.21774300071,0.560234678432072,0.08532809
1237648705141015074,245.177247536337,0.516164657023886,0.04720536
1237648705140753120,244.683289193169,0.601065081883928,0.08433029
1237648705140687728,244.393492049006,0.574433582211749,0.02771324
1237648705140687305,244.450121102736,0.425301070906815,0.08662546
1237648705140687175,244.392761337088,0.533977544886044,0.08567441
1237648705140621772,244.282700498051,0.448411325237848,0.04436139
1237648705140621704,244.259904664994,0.605982164224702,0.0953837
1237648705140621667,244.247429223485,0.480595115298578,0.04495197
1237648705139966314,242.765101396766,0.621559542133754,0.0811331
1237648705139966182,242.844195482166,0.57609204508286,0.08704116
1237648705139835331,242.490045110596,0.584870708200143,0.06928001
1237648705139376639,241.519406920053,0.512583016337878,0.04841565
1237648705139245841,241.126590620432,0.566091527356062,0.09509815
1237648705139114443,240.94147615399,0.596973675633921,0.08250522
1237648705139048686,240.671165972455,0.595632062444102,0.05792281
1237648705138262550,238.852311743064,0.594694044483296,0.07773101
1237648705138262473,238.981607686271,0.528268375421995,0.07173038
1237648705138262438,238.976506569115,0.594879706216895,0.05054493
1237648705138262430,238.972356946889,0.570007422095491,0.0505862
1237648705138262395,238.933705560733,0.545925353444279,0.05063503
1237648705138262353,238.915375614463,0.52381246838237,0.0887135
1237648705138196873,238.763345473935,0.634602335464337,0.04998655
1237648705138000348,238.384398373661,0.447055643890106,0.09229128
1237648705138000325,238.377712256933,0.627410646809074,0.0930891
1237648705138000311,238.371579267729,0.605227864450663,0.02900963
1237648705138000295,238.366224288426,0.434873932036987,0.09288623
1237648705138000243,238.330804899584,0.567332147544911,0.09224568
1237648705138000211,238.318340031976,0.613000615272866,0.09288567
1237648705138000140,238.293999429851,0.538788522955208,0.09175392
1237648705137213973,236.581216622706,0.470746889155896,0.05345554
1237648705137082950,236.219476138085,0.51356894782098,0.09282949
1237648705136951765,235.968907278563,0.446959720000227,0.08269892
1237648705136951692,235.92349911625,0.516486393141417,0.09327329
1237648705136951671,235.913492838591,0.436274202861089,0.08779156
1237648705136754967,235.41754436452,0.490474459977104,0.07207149
1237648705136754963,235.417611041135,0.516740342236886,0.07331128
1237648705136754946,235.414388114089,0.55718663597734,0.07204402
1237648705136754826,235.442630276343,0.461438175303058,0.07377017
1237648705136689485,235.344556527215,0.514551139585906,0.07300293
1237648705136689464,235.339050829709,0.56005282571269,0.07214969
1237648705136623888,235.110530739159,0.458515597044125,0.09336282
1237648705136558223,235.095586187279,0.483846645131412,0.07947253
1237648705136492814,234.841161518705,0.6159873593599,0.08435758
1237648705136361992,234.640151577073,0.59857467449318,0.07300372
1237648705136361952,234.623337877669,0.60988102701743,0.07259052
1237648705136099733,234.0361020977,0.519505502912906,0.09525302
1237648705136099425,234.014505311816,0.630340093583308,0.09436671
1237648705135968656,233.749321888117,0.58793348613739,0.08650188
1237648705135968563,233.682875993127,0.538237385719751,0.08670919
1237648705135772307,233.308915016984,0.498348818717795,0.03748205
1237648705135772257,233.293466633384,0.490755862588866,0.03696278
1237648705135771804,233.241797746084,0.440734795659985,0.03656447
1237648705135706592,233.147748020314,0.593394128871429,0.08063264
1237648705135706511,233.089526745205,0.505976600604222,0.08682497
1237648705135706473,233.068156527688,0.632300937729501,0.07226273
1237648705135706450,233.053237156463,0.616189139779263,0.07297713
1237648705135509950,232.600847339514,0.606679257882465,0.05145039
1237648705135509892,232.565223811862,0.51965474128948,0.09348191
1237648705135182515,231.921892844028,0.425440471617925,0.07505435
1237648705135182310,231.870893953213,0.427752267673438,0.07581986
1237648705135116577,231.710705905716,0.590130375334276,0.05060415
1237648705134919993,231.22395837603,0.446976524477435,0.08206443
1237648705134723480,230.818081800057,0.554910602921615,0.09749297
1237648705134723362,230.798545546304,0.481177274830873,0.07631979
1237648705134592466,230.61676943233,0.615265501696182,0.07637282
1237648705134592201,230.591416842842,0.528798627070516,0.05258041
1237648705134133510,229.451951810619,0.459056247013551,0.05745656
1237648705134002507,229.250322549111,0.426905404940426,0.07169949
1237648705133805916,228.791065546469,0.480525546392348,0.09141874
1237648705133805752,228.69283916519,0.490254797112885,0.09100856
1237648705133740271,228.588368945235,0.512070195105621,0.09919249
1237648705133740217,228.543461579007,0.522171921220714,0.09974685
1237648704055083229,217.362464309149,-0.208930694177964,0.03515251
1237648704055083016,217.299030916743,-0.237564850626511,0.03448118
1237648704054886680,216.896108269586,-0.407019466126149,0.05275534
1237648704054886675,216.895791744616,-0.277561190986519,0.05287147
1237648704054886645,216.882162485218,-0.290126917925953,0.05360455
1237648704054755489,216.608450445804,-0.265627160493956,0.07892007
1237648704054558886,216.233948067792,-0.376084663933785,0.07895102
1237648704054493469,216.083872229979,-0.218972135840954,0.08392204
1237648704054493316,215.953905039768,-0.248332647896817,0.08451605
1237648704054427694,215.872446390762,-0.377678924066482,0.03182963
1237648704054362357,215.750640436768,-0.254534116447714,0.05497202
1237648704053706887,214.170815190133,-0.301572203052887,0.07824092
1237648704053051658,212.779840554295,-0.34218698406105,0.05465138
1237648704053051481,212.75731930864,-0.332298815231009,0.05473021
1237648704052986096,212.540051927832,-0.283341975234644,0.05335716
1237648704052986086,212.533098929032,-0.396793717054165,0.09675542
1237648704052986048,212.514498854618,-0.355848647156731,0.08298903
1237648704052920565,212.496973059495,-0.377399019505476,0.08195096
1237648704052920522,212.471353903435,-0.383976439623904,0.05446
1237648704052920448,212.390995896347,-0.290835611062798,0.07042255
1237648704052920412,212.357555669881,-0.335197942127173,0.07101605
1237648704052854963,212.297752841389,-0.412248942628976,0.08304734
1237648704052724066,212.056198498046,-0.289669659971806,0.08316067
1237648704052724017,212.006606587214,-0.225604351730019,0.05328913
1237648704052723954,211.97226000032,-0.324370147822953,0.05311634
1237648704052658334,211.797220365977,-0.377454281346992,0.07972385
1237648704052396393,211.288879652166,-0.294340609315109,0.03248152
1237648704052396196,211.229867396693,-0.368184559465035,0.06999499
1237648704052396143,211.173252620671,-0.295535743429954,0.07909509
1237648704052396136,211.170406063082,-0.413069825359281,0.02490769
1237648704052396092,211.256484912983,-0.254277122208674,0.03239046
1237648704052396090,211.262115378781,-0.251408613872248,0.03281746
1237648704052330764,211.123921926906,-0.276810786379404,0.07902597
1237648704052330747,211.108279096688,-0.356155814703674,0.04756837
1237648704051675159,209.528791883547,-0.389961029084903,0.02967202
1237648704051675158,209.529401999066,-0.392479637283269,0.02957562
1237648704051609784,209.444980051428,-0.364693339325996,0.07898407
1237648704051478835,209.115392219446,-0.373131174135876,0.06961987
1237648704051478788,209.082283176113,-0.284848764307917,0.06917019
1237648704051478700,209.11448710606,-0.28775879441862,0.02981813
1237648704051478591,209.10377696755,-0.247727649677008,0.02975463
1237648704051085385,208.260782381129,-0.238441511254594,0.03234868
1237648704050692299,207.393392878979,-0.222462999414066,0.03057908
1237648704050692241,207.315738722574,-0.334536927842298,0.08310145
1237648704050561258,207.084823405113,-0.369890383107474,0.09202364
1237648704050364654,206.583530407469,-0.329639557934543,0.04792073
1237648704050299243,206.391060517446,-0.215609780624635,0.07688676
1237648704050299100,206.514219102395,-0.207183631743839,0.07087119
1237648704050299086,206.491738029898,-0.291132625763205,0.08919691
1237648704050233542,206.27821372616,-0.241174690450653,0.08698143
1237648704050233524,206.263602778884,-0.233201802529411,0.08793359
1237648704050037063,205.780582768124,-0.338456871994207,0.06871965
1237648704050036972,205.894235745094,-0.253723061051761,0.07713702
1237648704049971441,205.670771343056,-0.298721781103554,0.08886703
1237648704049971379,205.62254772327,-0.312664138134002,0.08948262
1237648704049840397,205.406898529352,-0.22369301026934,0.08871085
1237648704049840352,205.379847470462,-0.380138443554729,0.07187126
1237648704049840321,205.368824134772,-0.36254490075455,0.08771852
1237648704049840303,205.358733783026,-0.41230645983013,0.09041515
1237648704049840289,205.337621791546,-0.291887169810656,0.08770674
1237648704049774773,205.267984071076,-0.39058535323173,0.09004688
1237648704049643618,204.956250994211,-0.33026305112496,0.02243455
1237648704049512646,204.607399629779,-0.412595164648332,0.06156222
1237648704049512634,204.586434786857,-0.205559326182944,0.01203844
1237648704049512499,204.608633310944,-0.2276135111954,0.01239225
1237648704049250518,204.08488409237,-0.412822271906921,0.04741794
1237648704049250457,204.012832249338,-0.25253354400649,0.07625112
1237648704049250317,203.98120322612,-0.241420292968693,0.07615651
1237648704049119426,203.768950640648,-0.306395995292654,0.08613902
1237648704048857286,203.151012221973,-0.389460675420095,0.03424437
1237648704048726314,202.913330361829,-0.337802259670302,0.05612796
1237648704048726275,202.852259059876,-0.411740325830501,0.08655477
1237648704048529754,202.355140074162,-0.399143520108293,0.01079305
1237648704048529580,202.452455017509,-0.294161985324678,0.02124054
1237648704048464089,202.22296493021,-0.322685079559375,0.04613728
1237648704048464069,202.212350493857,-0.36546274911196,0.02179444
1237648704048201994,201.704186579564,-0.226670134428051,0.08164672
1237648704048201991,201.700219823206,-0.320999131464815,0.08148253
1237648704048136508,201.508547473741,-0.408902246900605,0.07662496
1237648704048136440,201.477576884936,-0.411992901566789,0.0750481
1237648704048136409,201.455977514406,-0.289999326745536,0.08322639
1237648704048136394,201.449238364016,-0.248358608870639,0.0833808
1237648704047939756,201.052029497532,-0.207180320517287,0.055442
1237648704047939723,200.981546836474,-0.361998037904718,0.05493388
1237648704047874281,200.954682406599,-0.333746559090204,0.05153014
1237648704047874229,200.912691182368,-0.382286153765688,0.08145296
1237648704047874225,200.900871457351,-0.334033590179191,0.08180794
1237648704047808740,200.826397325895,-0.252420974182276,0.05464414
1237648704047808730,200.809839537637,-0.220986906808391,0.08196013
1237648704047808727,200.80995208382,-0.315619136194735,0.0755471
1237648704047808680,200.769669297599,-0.284916811567907,0.08204828
1237648704047808626,200.696244960661,-0.400251595125927,0.07563971
1237648704047808623,200.6984962942,-0.231381135657825,0.08181835
1237648704047808622,200.696044723782,-0.229907990574241,0.08228508
1237648704047743174,200.661165937071,-0.281907778604226,0.01388197
1237648704047677650,200.523118708702,-0.257125630464941,0.07563096
1237648704047677629,200.506099023448,-0.299292184797822,0.07432845
1237648704047677628,200.507396898658,-0.303995738462695,0.0744108
1237648704047677608,200.471438983085,-0.298782500764227,0.07574287
1237648704047677507,200.479937749473,-0.313666016056178,0.07402559
1237648704047612094,200.269157138952,-0.246067240217005,0.08219874
1237648704047546589,200.197881003589,-0.213032057445527,0.08205603
1237648704047415460,199.870635271906,-0.341805975546495,0.0955038
1237648704065372740,240.93649946953,-0.318751542666855,0.0591345
1237648721753014482,146.747753994871,0.265802461956999,0.09132998
1237648704065372656,240.887653565349,-0.374346314536718,0.05830569
1237648704065175896,240.405049180383,-0.317597292240093,0.0543775
1237648704065175831,240.376779203124,-0.286788051875974,0.05372411
1237648704065110095,240.246518356673,-0.344322707281784,0.03223878
1237648704064717181,239.347909593196,-0.411429652197953,0.08292612
1237648704064651809,239.284759563583,-0.29032426505065,0.08513534
1237648704064651417,239.212528178061,-0.384086239894535,0.08289059
1237648704064520508,238.865632970796,-0.345529599805579,0.08291406
1237648704064455248,238.848543940604,-0.318308124910773,0.04260654
1237648704064454771,238.738694851284,-0.235408762193123,0.042782
1237648704064454738,238.736718084206,-0.209378152632412,0.04280036
1237648704064454699,238.733592426765,-0.336816689076396,0.04260503
1237648704064389640,238.681813440005,-0.210680645260995,0.03101538
1237648704064389476,238.616458657914,-0.327555945306834,0.07776588
1237648704064192983,238.206890181632,-0.28914938191378,0.05449592
1237648704064061764,237.823055898561,-0.39547210174407,0.05515259
1237648704063865244,237.450636893344,-0.23971918507105,0.07793126
1237648704063799623,237.249401317617,-0.28259890378138,0.06073605
1237648704063799606,237.233172708698,-0.259575156195552,0.09659059
1237648704063799544,237.2073625395,-0.368780047604406,0.09696352
1237648704063799537,237.204341164994,-0.211203081074859,0.09698731
1237648704063602984,236.758491462898,-0.377052522623478,0.07872328
1237648704063602698,236.76798879859,-0.360190973888423,0.07919856
1237648721753669808,148.146365305415,0.249043874575453,0.08185273
1237648721753669809,148.145408556582,0.249959208003832,0.08136201
1237648704065700202,241.678225211025,-0.218193797658727,0.03076948
1237648704065700320,241.605998142321,-0.351621702351577,0.05836911
1237648704063406504,236.363522907753,-0.25959565755884,0.07736008
1237648704065700461,241.673924284566,-0.320402146404623,0.0737878
1237648704063209854,235.973383712034,-0.362365948089532,0.03371388
1237648704063144085,235.805315672814,-0.412773419869452,0.08146487
1237648704065831278,241.883234597199,-0.29858597104582,0.08082826
1237648704062947707,235.37244917928,-0.369852301791854,0.09539229
1237648704062947647,235.342783622833,-0.364285696619436,0.09554868
1237648704062947546,235.271151209244,-0.341929264489481,0.09509344
1237648704065831311,241.903699505106,-0.343699519793302,0.05043225
1237648704062620101,234.63929063569,-0.277932472248698,0.07871514
1237648704062554472,234.446723608374,-0.349505993858061,0.09560766
1237648704062423712,234.064540650036,-0.349321563406916,0.01000118
1237648704062226997,233.628420863159,-0.36827436006748,0.09578907
1237648704062095544,233.394534184523,-0.268422169789286,0.08301735
1237648704066093463,242.506541592435,-0.322746839536171,0.04937574
1237648704061899245,232.980654715767,-0.285363530684447,0.08583865
1237648704061899189,232.923234200909,-0.375696516764685,0.05870758
1237648704061899182,232.921795041867,-0.29650162195647,0.0864954
1237648704061898913,232.944098755711,-0.305744148726002,0.08401494
1237648704061898834,232.903308562414,-0.284355239247708,0.08480271
1237648704066093638,242.578737662668,-0.234715215652643,0.08035378
1237648704061768277,232.664840690768,-0.256190567165429,0.08672886
1237648704061768179,232.70870453669,-0.327652557838566,0.08486325
1237648704061768134,232.688151658266,-0.36986204531429,0.03795296
1237648704061768064,232.627800820777,-0.344192929412805,0.07195388
1237648702974197818,201.107032308321,-1.0880457114185,0.08212037
1237648702974132430,200.979000025872,-1.08719276394368,0.08230802
1237648702974001402,200.616453747063,-1.13210356142567,0.0853823
1237648702974001313,200.63195717455,-1.1244949529032,0.08382864
1237648702973935689,200.413098810916,-1.12493915530216,0.06633019
1237648702973870392,200.336974128985,-1.10273933691025,0.08619591
1237648702973870300,200.334354172508,-1.13222584833184,0.04524084
1237648702973870224,200.26515271086,-1.21021309492357,0.08300237
1237648702973870138,200.291309368239,-1.20168220058621,0.08296697
1237648702973804644,200.10446780786,-1.20143777629987,0.08153353
1237648702973673741,199.790335893681,-1.04346942280609,0.08257741
1237648702973673706,199.891865371066,-1.09756045729609,0.08030894
1237648702973673678,199.879418087705,-1.23624579048437,0.08535606
1237648702973673651,199.866414941155,-1.20451123213313,0.08208837
1237648702973673638,199.84641439268,-1.12033285401605,0.08312918
1237648702973673620,199.838607925312,-1.1403021859168,0.08265019
1237648702973673619,199.843850586696,-1.12941974499617,0.08246148
1237648702973673611,199.832904288582,-1.07493247907998,0.08300412
1237648702973673587,199.806182182031,-1.24710267913152,0.08144391
1237648702973608253,199.781379689677,-1.11816664767764,0.08471613
1237648702973608232,199.757199616267,-1.1441757434309,0.08569192
1237648702973608194,199.722248183133,-1.21178945933759,0.08161739
1237648702973608135,199.67779395533,-1.06788283137212,0.09542107
1237648702973476974,199.358963319228,-1.25232059090377,0.08609153
1237648702973083889,198.450092847412,-1.12644572025547,0.08207345
1237648702973083812,198.497634951967,-1.214637330782,0.08255296
1237648702973083804,198.490607902497,-1.21206377040669,0.08192692
1237648702973083770,198.454795163531,-1.10473576556526,0.0834891
1237648702973018358,198.363995875295,-1.18475962893627,0.08413422
1237648702973018270,198.357282355441,-1.12623148330788,0.084243
1237648702972952789,198.26748235694,-1.22540364872155,0.08353332
1237648702972952732,198.187588214133,-1.20062181106655,0.084401
1237648702972952722,198.183679063753,-1.13403246374215,0.04052293
1237648702972952702,198.164825109665,-1.14011284792047,0.08467034
1237648702972952683,198.15411477988,-1.19750891409962,0.08540002
1237648702972952667,198.140585499183,-1.09187372361809,0.08504208
1237648702972952662,198.13650369511,-1.24174368624734,0.08473853
1237648702972887329,198.093756864631,-1.20623375415605,0.08769291
1237648702972887251,198.135644934478,-1.15086985901223,0.08569794
1237648702972887235,198.109429252103,-1.04973570073114,0.08302145
1237648702972887169,198.051997066322,-1.09512991349717,0.04086484
1237648702972887135,198.009626684245,-1.14551983709976,0.08451748
1237648702972887116,197.998122126854,-1.13506619346142,0.08757104
1237648702972887110,197.992240872415,-1.1776032250347,0.08500416
1237648702972887077,198.070019149864,-1.11972081548788,0.08610872
1237648702972821724,197.969692712417,-1.20285366772433,0.08403751
1237648702972821717,197.9665333929,-1.24047908704083,0.0975197
1237648702972821696,197.908851922269,-1.05769721374284,0.06387816
1237648702972821684,197.899388476385,-1.09034964265192,0.08495665
1237648702972821572,197.924396116236,-1.06199123686639,0.063648
1237648702972756128,197.825844052144,-1.2041120781363,0.08292848
1237648702972756106,197.770038843122,-1.24167657585954,0.06380931
1237648702972690555,197.55511154253,-1.19358326036406,0.08505128
1237648702972690527,197.637499026771,-1.21425673241709,0.08455453
1237648702972625117,197.395857217243,-1.16375840701962,0.08555816
1237648702972625053,197.417302394968,-1.05154401492896,0.02393271
1237648702972625038,197.421173999056,-1.04825957679716,0.02443011
1237648702972559600,197.30968444616,-1.15496730281985,0.08158669
